timestamp,project_name,run_id,duration,emissions,emissions_rate,cpu_power,gpu_power,ram_power,cpu_energy,gpu_energy,ram_energy,energy_consumed,country_name,country_iso_code,region,cloud_provider,cloud_region,os,python_version,cpu_count,cpu_model,gpu_count,gpu_model,longitude,latitude,ram_total_size,tracking_mode,on_cloud
2023-10-16T18:46:49,partial-model-merging,48261512-6a4d-48f5-80af-140eb57d4132,0.0877702236175537,7.818234999366523e-07,0.0089076165892357,0.0,28.261000000000003,23.5217399597168,0,6.541817043224971e-07,5.430977749066794e-07,1.1972794792291766e-06,Germany,DEU,free and hanseatic city of hamburg,,,Linux-6.2.0-34-generic-x86_64-with-glibc2.35,3.10.12,6,Intel(R) Core(TM) i5-9600K CPU @ 3.70GHz,2,1 x NVIDIA GeForce GTX 1060 6GB1 x NVIDIA GeForce RTX 3060,9.996,53.5544,62.724639892578125,machine,N
2023-10-16T18:47:12,partial-model-merging,862adbdd-3b41-40fb-b39c-e9127e0ba83a,0.1400337219238281,1.2707707700757726e-06,0.0090747482293373,0.0,28.179,23.5217399597168,0,1.0614302331209184e-06,8.846199507623472e-07,1.9460501838832657e-06,Germany,DEU,free and hanseatic city of hamburg,,,Linux-6.2.0-34-generic-x86_64-with-glibc2.35,3.10.12,6,Intel(R) Core(TM) i5-9600K CPU @ 3.70GHz,2,1 x NVIDIA GeForce GTX 1060 6GB1 x NVIDIA GeForce RTX 3060,9.996,53.5544,62.724639892578125,machine,N
2023-10-16T19:19:15,partial-model-merging,a56b16f6-7662-493c-83a8-9598b0a66d0a,1755.9573929309845,0.0639283154450782,0.0364065299661805,0.0,161.226,23.5217399597168,0,0.0740441438875362,0.011421518472194,0.0854656623597302,Germany,DEU,free and hanseatic city of hamburg,,,Linux-6.2.0-34-generic-x86_64-with-glibc2.35,3.10.12,6,Intel(R) Core(TM) i5-9600K CPU @ 3.70GHz,2,1 x NVIDIA GeForce GTX 1060 6GB1 x NVIDIA GeForce RTX 3060,9.996,53.5544,62.724639892578125,machine,N
2023-10-17T00:21:26,partial-model-merging,37d5f65e-0da6-467c-8ac7-57163a258ad5,0.0176403522491455,1.5248978132168994e-07,0.0086443728088863,0.0,28.091,23.5217399597168,0,1.080218834347195e-07,8.87391247222998e-08,1.967610081570193e-07,Germany,DEU,free and hanseatic city of hamburg,,,Linux-6.2.0-34-generic-x86_64-with-glibc2.35,3.10.12,6,Intel(R) Core(TM) i5-9600K CPU @ 3.70GHz,2,1 x NVIDIA GeForce GTX 1060 6GB1 x NVIDIA GeForce RTX 3060,9.996,53.5544,62.724639892578125,machine,N
2023-10-17T00:21:31,partial-model-merging,e828c39a-30db-440f-be08-b704b13acc78,0.0183451175689697,1.2542658382001725e-07,0.0068370553281257,0.0,27.946,23.5217399597168,0,9.10348297490014e-08,7.080592356714988e-08,1.618407533161513e-07,Germany,DEU,free and hanseatic city of hamburg,,,Linux-6.2.0-34-generic-x86_64-with-glibc2.35,3.10.12,6,Intel(R) Core(TM) i5-9600K CPU @ 3.70GHz,2,1 x NVIDIA GeForce GTX 1060 6GB1 x NVIDIA GeForce RTX 3060,9.996,53.5544,62.724639892578125,machine,N
2023-10-21T15:38:16,partial-model-merging,4c36dc6b-db3b-47ed-846b-26920af037fd,0.0234944820404052,4.739385744988491e-08,0.0020172335516219,0.0,26.976,23.52174139022827,0,1.1969884236653646e-07,9.770417345862369e-08,2.1740301582516013e-07,Germany,DEU,free and hanseatic city of hamburg,,,Linux-6.2.0-34-generic-x86_64-with-glibc2.35,3.10.12,6,Intel(R) Core(TM) i5-9600K CPU @ 3.70GHz,2,1 x NVIDIA GeForce GTX 1060 6GB1 x NVIDIA GeForce RTX 3060,9.996,53.5544,62.72464370727539,machine,N
2023-10-21T15:38:21,partial-model-merging,afb779d2-4fd8-4b1d-90ca-ec8b0ce982f7,0.0190682411193847,3.377718288937324e-08,0.001771384296952,0.0,26.796,23.52174139022827,0,8.583170413970949e-08,6.910950177484666e-08,1.549412059145562e-07,Germany,DEU,free and hanseatic city of hamburg,,,Linux-6.2.0-34-generic-x86_64-with-glibc2.35,3.10.12,6,Intel(R) Core(TM) i5-9600K CPU @ 3.70GHz,2,1 x NVIDIA GeForce GTX 1060 6GB1 x NVIDIA GeForce RTX 3060,9.996,53.5544,62.72464370727539,machine,N
2023-10-21T15:38:27,partial-model-merging,ee7a4d2e-79d7-4e95-80af-c624b6e53eaa,0.0156278610229492,4.945676744293748e-08,0.0031646536509578,0.0,47.689,23.52174139022827,0,1.5280888391865625e-07,7.405702178289177e-08,2.26865905701548e-07,Germany,DEU,free and hanseatic city of hamburg,,,Linux-6.2.0-34-generic-x86_64-with-glibc2.35,3.10.12,6,Intel(R) Core(TM) i5-9600K CPU @ 3.70GHz,2,1 x NVIDIA GeForce GTX 1060 6GB1 x NVIDIA GeForce RTX 3060,9.996,53.5544,62.72464370727539,machine,N
2023-10-21T17:49:24,partial-model-merging,7ce1df81-9b71-465f-97de-567930166dac,0.0238654613494873,6.745631114119051e-08,0.0028265244971951,0.0,27.367,23.52174139022827,0,1.1989503549204938e-07,9.700628650534784e-08,2.1690132199739722e-07,Germany,DEU,free and hanseatic city of hamburg,,,Linux-6.2.0-34-generic-x86_64-with-glibc2.35,3.10.12,6,Intel(R) Core(TM) i5-9600K CPU @ 3.70GHz,2,1 x NVIDIA GeForce GTX 1060 6GB1 x NVIDIA GeForce RTX 3060,9.996,53.5544,62.72464370727539,machine,N
2023-10-21T17:49:29,partial-model-merging,2103aa0d-abce-48e9-9f82-0adf70ed5017,0.0198049545288085,4.967909538908161e-08,0.0025084175435403,0.0,27.334,23.52174139022827,0,8.872985906071134e-08,7.100999749582115e-08,1.597398565565325e-07,Germany,DEU,free and hanseatic city of hamburg,,,Linux-6.2.0-34-generic-x86_64-with-glibc2.35,3.10.12,6,Intel(R) Core(TM) i5-9600K CPU @ 3.70GHz,2,1 x NVIDIA GeForce GTX 1060 6GB1 x NVIDIA GeForce RTX 3060,9.996,53.5544,62.72464370727539,machine,N
2023-10-21T19:19:00,partial-model-merging,93802ef7-caf0-44aa-abcc-c6ff5e07b883,5363.79324555397,0.1092722888288838,0.0203722037420922,0.0,162.749,23.52174139022827,0,0.2278688315862079,0.0348049396370704,0.2626737712232784,Germany,DEU,free and hanseatic city of hamburg,,,Linux-6.2.0-34-generic-x86_64-with-glibc2.35,3.10.12,6,Intel(R) Core(TM) i5-9600K CPU @ 3.70GHz,2,1 x NVIDIA GeForce GTX 1060 6GB1 x NVIDIA GeForce RTX 3060,9.996,53.5544,62.72464370727539,machine,N
2023-10-21T22:04:03,partial-model-merging,4a2402ca-d508-4b9a-861b-6f3d9a64b7d8,0.0568468570709228,2.6319656265282004e-07,0.0046299228526293,0.0,27.366,23.52174139022827,0,3.756299567222595e-07,3.206572460629786e-07,6.962872027852381e-07,Germany,DEU,free and hanseatic city of hamburg,,,Linux-6.2.0-34-generic-x86_64-with-glibc2.35,3.10.12,6,Intel(R) Core(TM) i5-9600K CPU @ 3.70GHz,2,1 x NVIDIA GeForce GTX 1060 6GB1 x NVIDIA GeForce RTX 3060,9.996,53.5544,62.72464370727539,machine,N
2023-10-21T22:28:23,partial-model-merging,75bfc3b0-175c-4bd2-b857-642b66430a03,530.8504047393799,0.0099934882566442,0.0188254321131215,0.0,155.27700000000002,23.52174139022827,0,0.0229783249356493,0.0034594746851026,0.026437799620752,Germany,DEU,free and hanseatic city of hamburg,,,Linux-6.2.0-34-generic-x86_64-with-glibc2.35,3.10.12,6,Intel(R) Core(TM) i5-9600K CPU @ 3.70GHz,2,1 x NVIDIA GeForce GTX 1060 6GB1 x NVIDIA GeForce RTX 3060,9.996,53.5544,62.72464370727539,machine,N
2023-10-21T22:37:37,partial-model-merging,ad33d1ff-df6b-473b-854b-de835876c465,530.285129070282,0.0101481911894192,0.019137235108236,0.0,158.406,23.52174139022827,0,0.0233916477703351,0.0034554188683402,0.0268470666386753,Germany,DEU,free and hanseatic city of hamburg,,,Linux-6.2.0-34-generic-x86_64-with-glibc2.35,3.10.12,6,Intel(R) Core(TM) i5-9600K CPU @ 3.70GHz,2,1 x NVIDIA GeForce GTX 1060 6GB1 x NVIDIA GeForce RTX 3060,9.996,53.5544,62.72464370727539,machine,N
2023-10-21T22:40:19,partial-model-merging,f617036e-864e-4bc9-b1a0-0004d2f6a7be,6.393808126449585,9.158675454106078e-05,0.0143242888635004,0.0,113.023,23.52174139022827,0,0.0002005557444524,4.17372569789012e-05,0.0002422930014313,Germany,DEU,free and hanseatic city of hamburg,,,Linux-6.2.0-34-generic-x86_64-with-glibc2.35,3.10.12,6,Intel(R) Core(TM) i5-9600K CPU @ 3.70GHz,2,1 x NVIDIA GeForce GTX 1060 6GB1 x NVIDIA GeForce RTX 3060,9.996,53.5544,62.72464370727539,machine,N
2023-10-21T22:40:28,partial-model-merging,2baa4ad3-e439-4137-9d3d-79657b9e0518,4.150995016098023,5.937186576942118e-05,0.0143030443397716,0.0,112.871,23.52174139022827,0,0.0001299822155604,2.708621240102189e-05,0.0001570684279614,Germany,DEU,free and hanseatic city of hamburg,,,Linux-6.2.0-34-generic-x86_64-with-glibc2.35,3.10.12,6,Intel(R) Core(TM) i5-9600K CPU @ 3.70GHz,2,1 x NVIDIA GeForce GTX 1060 6GB1 x NVIDIA GeForce RTX 3060,9.996,53.5544,62.72464370727539,machine,N
2023-10-21T23:24:30,partial-model-merging,785b022d-b160-46bf-98f3-4c4d4059946c,2635.6082344055176,0.0440568859788102,0.0167160222842252,0.0,167.996,23.52174139022827,0,0.1128296386087908,0.0171316769629206,0.1299613155717115,Germany,DEU,free and hanseatic city of hamburg,,,Linux-6.2.0-34-generic-x86_64-with-glibc2.35,3.10.12,6,Intel(R) Core(TM) i5-9600K CPU @ 3.70GHz,2,1 x NVIDIA GeForce GTX 1060 6GB1 x NVIDIA GeForce RTX 3060,9.996,53.5544,62.72464370727539,machine,N
2023-10-22T00:05:17,partial-model-merging,8ecdded2-b4cb-4426-b01a-bbe1617ba758,0.0258355140686035,8.111305386148747e-08,0.0031395951188004,0.0,26.712,23.52174139022827,0,1.4325364589691162e-07,1.2010042508194374e-07,2.6335407097885534e-07,Germany,DEU,free and hanseatic city of hamburg,,,Linux-6.2.0-34-generic-x86_64-with-glibc2.35,3.10.12,6,Intel(R) Core(TM) i5-9600K CPU @ 3.70GHz,2,1 x NVIDIA GeForce GTX 1060 6GB1 x NVIDIA GeForce RTX 3060,9.996,53.5544,62.72464370727539,machine,N
2023-10-22T00:05:22,partial-model-merging,6202bf59-5ac5-418d-b8fa-3ec9d8c35e1b,0.0184571743011474,4.9723182603160263e-08,0.0026939758920773,0.0,26.782,23.52174139022827,0,8.934313204553393e-08,7.209577251018117e-08,1.614389045557151e-07,Germany,DEU,free and hanseatic city of hamburg,,,Linux-6.2.0-34-generic-x86_64-with-glibc2.35,3.10.12,6,Intel(R) Core(TM) i5-9600K CPU @ 3.70GHz,2,1 x NVIDIA GeForce GTX 1060 6GB1 x NVIDIA GeForce RTX 3060,9.996,53.5544,62.72464370727539,machine,N
2023-10-22T00:50:13,partial-model-merging,fb5f579f-0abd-4f52-915d-ad6865d6a3f6,2684.6561739444733,0.0401890238902927,0.0149698960635411,0.0,158.249,23.52174139022827,0,0.113050446731336,0.0174333970683154,0.1304838437996516,Germany,DEU,free and hanseatic city of hamburg,,,Linux-6.2.0-34-generic-x86_64-with-glibc2.35,3.10.12,6,Intel(R) Core(TM) i5-9600K CPU @ 3.70GHz,2,1 x NVIDIA GeForce GTX 1060 6GB1 x NVIDIA GeForce RTX 3060,9.996,53.5544,62.72464370727539,machine,N
2023-10-22T16:43:41,partial-model-merging,,3813.765690565109,0.0435278656143057,0.0114133560228908,0.0,97.877,23.5217399597168,0,0.1743989406602742,0.0243584365739986,0.1987573772342728,Germany,DEU,free and hanseatic city of hamburg,,,Linux-6.2.0-34-generic-x86_64-with-glibc2.35,3.10.12,6,Intel(R) Core(TM) i5-9600K CPU @ 3.70GHz,2,1 x NVIDIA GeForce GTX 1060 6GB1 x NVIDIA GeForce RTX 3060,9.996,53.5544,62.724639892578125,machine,N
2023-10-22T19:40:16,partial-model-merging,fee3e841-1f04-4517-90aa-d02d33fecbbf,3806.6029767990112,0.0712367578781246,0.0187139973126453,0.0,91.347,23.5217399597168,0,0.1751956806154919,0.0243470585389188,0.1995427391544107,Germany,DEU,free and hanseatic city of hamburg,,,Linux-6.2.0-34-generic-x86_64-with-glibc2.35,3.10.12,6,Intel(R) Core(TM) i5-9600K CPU @ 3.70GHz,2,1 x NVIDIA GeForce GTX 1060 6GB1 x NVIDIA GeForce RTX 3060,9.996,53.5544,62.724639892578125,machine,N
2023-10-22T21:53:24,partial-model-merging,533e2816-dc92-4cfe-8a7a-f37276c5487c,5443.712931156158,0.1142008442402748,0.0209784839289863,0.0,92.755,23.5217399597168,0,0.2472108971474565,0.0347664960384072,0.2819773931858638,Germany,DEU,free and hanseatic city of hamburg,,,Linux-6.2.0-34-generic-x86_64-with-glibc2.35,3.10.12,6,Intel(R) Core(TM) i5-9600K CPU @ 3.70GHz,2,1 x NVIDIA GeForce GTX 1060 6GB1 x NVIDIA GeForce RTX 3060,9.996,53.5544,62.724639892578125,machine,N
2023-10-27T18:04:21,partial-model-merging,20580177-83a5-4068-aa37-ba86371cce6d,2.1630208492279053,2.0726273177408145e-05,0.0095820958844693,0.0,27.987,23.52174139022827,0,1.6784056362907093e-05,1.4104577284497e-05,3.088863364740409e-05,Germany,DEU,free and hanseatic city of hamburg,,,Linux-6.2.0-35-generic-x86_64-with-glibc2.35,3.10.12,6,Intel(R) Core(TM) i5-9600K CPU @ 3.70GHz,2,1 x NVIDIA GeForce GTX 1060 6GB1 x NVIDIA GeForce RTX 3060,9.996,53.5544,62.72464370727539,machine,N
2023-10-27T18:11:17,partial-model-merging,de2c8279-3494-4664-9abe-90972937b552,4.268263816833496,5.697330146350641e-05,0.0133481209007772,0.0,48.178,23.52174139022827,0,5.705493292424414e-05,2.7853116946853334e-05,8.490804987109748e-05,Germany,DEU,free and hanseatic city of hamburg,,,Linux-6.2.0-35-generic-x86_64-with-glibc2.35,3.10.12,6,Intel(R) Core(TM) i5-9600K CPU @ 3.70GHz,2,1 x NVIDIA GeForce GTX 1060 6GB1 x NVIDIA GeForce RTX 3060,9.996,53.5544,62.72464370727539,machine,N
2023-10-27T18:18:16,partial-model-merging,249e8676-caf7-4d43-b36d-2e150945f842,3.618515491485596,4.824670296828725e-05,0.0133332862832319,0.0,48.106,23.52174139022827,0,4.8292350405852e-05,2.361033658116327e-05,7.190268698701527e-05,Germany,DEU,free and hanseatic city of hamburg,,,Linux-6.2.0-35-generic-x86_64-with-glibc2.35,3.10.12,6,Intel(R) Core(TM) i5-9600K CPU @ 3.70GHz,2,1 x NVIDIA GeForce GTX 1060 6GB1 x NVIDIA GeForce RTX 3060,9.996,53.5544,62.72464370727539,machine,N
2023-10-27T18:22:58,partial-model-merging,29575fd9-4723-4aa0-9348-8259600cac2e,13.28006148338318,0.0001808056872337,0.0136148230533397,0.0,49.553,23.52174139022827,0,0.0001827242504609,8.673280949992687e-05,0.0002694570599608,Germany,DEU,free and hanseatic city of hamburg,,,Linux-6.2.0-35-generic-x86_64-with-glibc2.35,3.10.12,6,Intel(R) Core(TM) i5-9600K CPU @ 3.70GHz,2,1 x NVIDIA GeForce GTX 1060 6GB1 x NVIDIA GeForce RTX 3060,9.996,53.5544,62.72464370727539,machine,N
2023-10-27T18:28:13,partial-model-merging,9e8ada95-3753-40d3-ad49-7bb2d5e841f9,299.898184299469,0.004082243322378,0.0136120974920664,0.0,47.666,23.52174139022827,0,0.0041254039176803,0.0019584162348949,0.0060838201525753,Germany,DEU,free and hanseatic city of hamburg,,,Linux-6.2.0-35-generic-x86_64-with-glibc2.35,3.10.12,6,Intel(R) Core(TM) i5-9600K CPU @ 3.70GHz,2,1 x NVIDIA GeForce GTX 1060 6GB1 x NVIDIA GeForce RTX 3060,9.996,53.5544,62.72464370727539,machine,N
2023-10-27T18:37:20,partial-model-merging,07726b7e-b215-46c6-9763-c2eb9084df1c,229.464941740036,0.0031356572742562,0.0136650821274854,0.0,50.323,23.52174139022827,0,0.0031902896587677,0.0014828210331194,0.0046731106918871,Germany,DEU,free and hanseatic city of hamburg,,,Linux-6.2.0-35-generic-x86_64-with-glibc2.35,3.10.12,6,Intel(R) Core(TM) i5-9600K CPU @ 3.70GHz,2,1 x NVIDIA GeForce GTX 1060 6GB1 x NVIDIA GeForce RTX 3060,9.996,53.5544,62.72464370727539,machine,N
2023-10-27T18:45:18,partial-model-merging,,224.7839000225067,0.0031048051533572,0.0138124000564381,0.0,50.889,23.52174139022827,0,0.0031597484825259,0.0014673828935653,0.0046271313760912,Germany,DEU,free and hanseatic city of hamburg,,,Linux-6.2.0-35-generic-x86_64-with-glibc2.35,3.10.12,6,Intel(R) Core(TM) i5-9600K CPU @ 3.70GHz,2,1 x NVIDIA GeForce GTX 1060 6GB1 x NVIDIA GeForce RTX 3060,9.996,53.5544,62.72464370727539,machine,N
2023-10-27T18:56:23,partial-model-merging,79d1b827-c884-4fc4-949e-2e9488d3d9cb,0.0240733623504638,1.4620929879773934e-07,0.0060734888907166,0.0,28.004,23.52174139022827,0,1.2172318352593317e-07,9.6174430181577e-08,2.178976137075102e-07,Germany,DEU,free and hanseatic city of hamburg,,,Linux-6.2.0-35-generic-x86_64-with-glibc2.35,3.10.12,6,Intel(R) Core(TM) i5-9600K CPU @ 3.70GHz,2,1 x NVIDIA GeForce GTX 1060 6GB1 x NVIDIA GeForce RTX 3060,9.996,53.5544,62.72464370727539,machine,N
2023-10-28T01:06:32,partial-model-merging,62acbc3b-08f0-41d6-ac8e-c86b558e83e4,0.021329641342163,1.3020706063233405e-07,0.0061045124267958,0.0,27.891,23.52174139022827,0,1.1421469867229465e-07,9.411659833943988e-08,2.083312970117345e-07,Germany,DEU,free and hanseatic city of hamburg,,,Linux-6.2.0-35-generic-x86_64-with-glibc2.35,3.10.12,6,Intel(R) Core(TM) i5-9600K CPU @ 3.70GHz,2,1 x NVIDIA GeForce GTX 1060 6GB1 x NVIDIA GeForce RTX 3060,9.996,53.5544,62.72464370727539,machine,N
2023-10-28T01:20:56,partial-model-merging,81de3ade-9563-40a7-a835-c132d9d8e672,0.0276563167572021,1.9173850792438085e-07,0.0069329010658821,0.0,27.779,23.52174139022827,0,1.669518611166213e-07,1.3982975156238808e-07,3.067816126790093e-07,Germany,DEU,free and hanseatic city of hamburg,,,Linux-6.2.0-35-generic-x86_64-with-glibc2.35,3.10.12,6,Intel(R) Core(TM) i5-9600K CPU @ 3.70GHz,2,1 x NVIDIA GeForce GTX 1060 6GB1 x NVIDIA GeForce RTX 3060,9.996,53.5544,62.72464370727539,machine,N
2023-10-28T01:21:33,partial-model-merging,a9b0b9db-3078-4147-937a-d59e9110be17,3.0622620582580566,3.818489303926427e-05,0.0124695053241084,0.0,48.443,23.52174139022827,0,4.112786398894257e-05,1.996796487388025e-05,6.109582886282283e-05,Germany,DEU,free and hanseatic city of hamburg,,,Linux-6.2.0-35-generic-x86_64-with-glibc2.35,3.10.12,6,Intel(R) Core(TM) i5-9600K CPU @ 3.70GHz,2,1 x NVIDIA GeForce GTX 1060 6GB1 x NVIDIA GeForce RTX 3060,9.996,53.5544,62.72464370727539,machine,N
2023-10-28T01:21:43,partial-model-merging,3d461432-f324-47a6-9ad3-ddae71e3fc53,1.6470048427581787,2.060057853921317e-05,0.0125079040476372,0.0,48.79100000000001,23.52174139022827,0,2.224077140933937e-05,1.0720154253401689e-05,3.296092566274107e-05,Germany,DEU,free and hanseatic city of hamburg,,,Linux-6.2.0-35-generic-x86_64-with-glibc2.35,3.10.12,6,Intel(R) Core(TM) i5-9600K CPU @ 3.70GHz,2,1 x NVIDIA GeForce GTX 1060 6GB1 x NVIDIA GeForce RTX 3060,9.996,53.5544,62.72464370727539,machine,N
2023-11-08T15:42:57,partial-model-merging,c469539e-f362-4af7-825b-45a297f4d837,0.0227682590484619,8.994216592979172e-08,0.0039503312808568,0.0,27.129,23.52173852920532,0,1.2543180763721465e-07,1.0637789836740316e-07,2.3180970600461781e-07,Germany,DEU,free and hanseatic city of hamburg,,,Linux-6.2.0-36-generic-x86_64-with-glibc2.35,3.10.12,6,Intel(R) Core(TM) i5-9600K CPU @ 3.70GHz,2,1 x NVIDIA GeForce GTX 1060 6GB1 x NVIDIA GeForce RTX 3060,9.996,53.5544,62.72463607788086,machine,N
2023-11-08T16:34:18,partial-model-merging,ac474b32-eb0c-438f-bdce-94352a1b603c,2939.3377866744995,0.0553929897860425,0.0188453977753652,0.0,129.174,23.52173852920532,0,0.1221878172443002,0.0191208301690736,0.1413086474133738,Germany,DEU,free and hanseatic city of hamburg,,,Linux-6.2.0-36-generic-x86_64-with-glibc2.35,3.10.12,6,Intel(R) Core(TM) i5-9600K CPU @ 3.70GHz,2,1 x NVIDIA GeForce GTX 1060 6GB1 x NVIDIA GeForce RTX 3060,9.996,53.5544,62.72463607788086,machine,N
2023-11-08T16:55:34,partial-model-merging,a2b61d87-a3a5-4ffb-8c43-37a85347241f,0.0285522937774658,9.544827045928569e-08,0.0033429282846135,0.0,27.7,23.52173852920532,0,1.3522455427381726e-07,1.0826593159170746e-07,2.434904858655247e-07,Germany,DEU,free and hanseatic city of hamburg,,,Linux-6.2.0-36-generic-x86_64-with-glibc2.35,3.10.12,6,Intel(R) Core(TM) i5-9600K CPU @ 3.70GHz,2,1 x NVIDIA GeForce GTX 1060 6GB1 x NVIDIA GeForce RTX 3060,9.996,53.5544,62.72463607788086,machine,N
2023-11-08T18:23:19,partial-model-merging,54aa2196-7e12-4d10-85e8-4d24e8e7efff,4316.195420503616,0.0796272145699917,0.0184484729750027,0.0,170.387,23.52173852920532,0,0.1865562409712911,0.028072369729495,0.2146286107007862,Germany,DEU,free and hanseatic city of hamburg,,,Linux-6.2.0-36-generic-x86_64-with-glibc2.35,3.10.12,6,Intel(R) Core(TM) i5-9600K CPU @ 3.70GHz,2,1 x NVIDIA GeForce GTX 1060 6GB1 x NVIDIA GeForce RTX 3060,9.996,53.5544,62.72463607788086,machine,N
2023-11-08T21:16:09,partial-model-merging,a587171f-3dc5-4586-92d4-e8c42e6a1245,10340.068935394287,0.1544023846289283,0.0149324328100372,0.0,163.357,23.52173852920532,0,0.4313559445569543,0.0667162639234599,0.4980722084804141,Germany,DEU,free and hanseatic city of hamburg,,,Linux-6.2.0-36-generic-x86_64-with-glibc2.35,3.10.12,6,Intel(R) Core(TM) i5-9600K CPU @ 3.70GHz,2,1 x NVIDIA GeForce GTX 1060 6GB1 x NVIDIA GeForce RTX 3060,9.996,53.5544,62.72463607788086,machine,N
2023-11-08T22:52:18,partial-model-merging,9851b5e8-4271-4fd9-bef6-6e19446aa803,5763.688169717789,0.0823298509110566,0.0142842305979728,0.0,165.006,23.52173852920532,0,0.2435072626952891,0.0374819895608768,0.2809892522561661,Germany,DEU,free and hanseatic city of hamburg,,,Linux-6.2.0-36-generic-x86_64-with-glibc2.35,3.10.12,6,Intel(R) Core(TM) i5-9600K CPU @ 3.70GHz,2,1 x NVIDIA GeForce GTX 1060 6GB1 x NVIDIA GeForce RTX 3060,9.996,53.5544,62.72463607788086,machine,N
2023-11-08T22:52:23,partial-model-merging,79af4ba7-c6a0-4351-b130-cbd86cb77ac4,0.0157949924468994,6.962137425092765e-08,0.0044078130765168,0.0,55.788,23.52173852920532,0,1.680013966560364e-07,6.961421512187371e-08,2.376156117779101e-07,Germany,DEU,free and hanseatic city of hamburg,,,Linux-6.2.0-36-generic-x86_64-with-glibc2.35,3.10.12,6,Intel(R) Core(TM) i5-9600K CPU @ 3.70GHz,2,1 x NVIDIA GeForce GTX 1060 6GB1 x NVIDIA GeForce RTX 3060,9.996,53.5544,62.72463607788086,machine,N
2023-11-08T23:10:01,partial-model-merging,658af615-bad1-4bb6-9d44-e7415be84138,0.058427095413208,1.5509437473615017e-07,0.0026544940089746,0.0,27.39,24.08625,0,3.898017744223277e-07,1.5059674382209778e-07,5.403985182444255e-07,Germany,DEU,free and hanseatic city of hamburg,,,Linux-6.2.0-36-generic-x86_64-with-glibc2.35,3.10.12,1,Intel(R) Core(TM) i5-9600K CPU @ 3.70GHz,2,1 x NVIDIA GeForce GTX 1060 6GB1 x NVIDIA GeForce RTX 3060,9.996,53.5544,64.23,machine,N
2023-11-08T23:19:31,partial-model-merging,dd2a8a85-1464-41c0-a6d8-2b812e3222c2,0.0563464164733886,1.5562589019944277e-07,0.002761948317919,0.0,27.604,24.08625,0,3.9057860056559243e-07,1.516718879342079e-07,5.422504884998003e-07,Germany,DEU,free and hanseatic city of hamburg,,,Linux-6.2.0-36-generic-x86_64-with-glibc2.35,3.10.12,1,Intel(R) Core(TM) i5-9600K CPU @ 3.70GHz,2,1 x NVIDIA GeForce GTX 1060 6GB1 x NVIDIA GeForce RTX 3060,9.996,53.5544,64.23,machine,N
2023-11-08T23:19:50,partial-model-merging,9c61d1ca-7738-4a26-83f9-da5ee9279fba,0.0617439746856689,1.5113582115211422e-07,0.0024477825070628,0.0,27.766,24.08625,0,4.316212922996945e-07,9.498435631394389e-08,5.266056486136383e-07,Germany,DEU,free and hanseatic city of hamburg,,,Linux-6.2.0-36-generic-x86_64-with-glibc2.35,3.10.12,1,Intel(R) Core(TM) i5-9600K CPU @ 3.70GHz,2,1 x NVIDIA GeForce GTX 1060 6GB1 x NVIDIA GeForce RTX 3060,9.996,53.5544,64.23,machine,N
2023-11-08T23:20:46,partial-model-merging,ae6719f4-44d0-44ae-8803-25a0997b85eb,0.0542359352111816,1.502454789042473e-07,0.0027702201191742,0.0,27.54,24.08625,0,3.706223845481872e-07,1.5288102626800537e-07,5.235034108161926e-07,Germany,DEU,free and hanseatic city of hamburg,,,Linux-6.2.0-36-generic-x86_64-with-glibc2.35,3.10.12,1,Intel(R) Core(TM) i5-9600K CPU @ 3.70GHz,2,1 x NVIDIA GeForce GTX 1060 6GB1 x NVIDIA GeForce RTX 3060,9.996,53.5544,64.23,machine,N
2023-11-08T23:21:05,partial-model-merging,ff29c1d1-a99d-4764-b11d-b3cfe778d0a0,0.0633807182312011,1.5276355734755597e-07,0.0024102528593996,0.0,27.651000000000003,24.08625,0,4.368509850899379e-07,9.542621821165084e-08,5.322772033015887e-07,Germany,DEU,free and hanseatic city of hamburg,,,Linux-6.2.0-36-generic-x86_64-with-glibc2.35,3.10.12,1,Intel(R) Core(TM) i5-9600K CPU @ 3.70GHz,2,1 x NVIDIA GeForce GTX 1060 6GB1 x NVIDIA GeForce RTX 3060,9.996,53.5544,64.23,machine,N
2023-11-08T23:23:50,partial-model-merging,0f4a538d-ef2e-4293-bccd-8d00861d9071,0.0575232505798339,1.561086438466609e-07,0.0027138355755818,0.0,27.612,24.08625,0,3.919974660873414e-07,1.5193509086966516e-07,5.439325569570066e-07,Germany,DEU,free and hanseatic city of hamburg,,,Linux-6.2.0-36-generic-x86_64-with-glibc2.35,3.10.12,1,Intel(R) Core(TM) i5-9600K CPU @ 3.70GHz,2,1 x NVIDIA GeForce GTX 1060 6GB1 x NVIDIA GeForce RTX 3060,9.996,53.5544,64.23,machine,N
2023-11-08T23:24:15,partial-model-merging,f54b5db8-77a3-420a-8889-8df071a49ef4,0.0613548755645751,1.4723341916408806e-07,0.0023997020254588,0.0,27.517,24.08625,0,4.1749607178899977e-07,9.551235735416413e-08,5.130084291431639e-07,Germany,DEU,free and hanseatic city of hamburg,,,Linux-6.2.0-36-generic-x86_64-with-glibc2.35,3.10.12,1,Intel(R) Core(TM) i5-9600K CPU @ 3.70GHz,2,1 x NVIDIA GeForce GTX 1060 6GB1 x NVIDIA GeForce RTX 3060,9.996,53.5544,64.23,machine,N
2023-11-09T18:11:43,partial-model-merging,e89db8a3-a875-4955-9094-1dad50f2a39c,2.13101863861084,1.1519020379181206e-05,0.0054054057390554,0.0,20.494000000000003,24.08625,0,1.2083972387181388e-05,1.4036255230009556e-05,2.6120227617190945e-05,Germany,DEU,free and hanseatic city of hamburg,,,Linux-6.2.0-36-generic-x86_64-with-glibc2.35,3.10.12,1,Intel(R) Core(TM) i5-9600K CPU @ 3.70GHz,2,1 x NVIDIA GeForce GTX 1060 6GB1 x NVIDIA GeForce RTX 3060,9.996,53.5544,64.23,machine,N
2023-11-09T18:18:45,partial-model-merging,271bf677-9a6d-4736-86de-8cb4c247d2b9,2.159087896347046,9.948364650304911e-06,0.0046076700569423,0.0,25.801,12.0,0,1.5424314959645272e-05,7.134335041046142e-06,2.255865000069141e-05,Germany,DEU,free and hanseatic city of hamburg,,,Linux-6.2.0-36-generic-x86_64-with-glibc2.35,3.10.12,4,Intel(R) Core(TM) i5-9600K CPU @ 3.70GHz,2,1 x NVIDIA GeForce GTX 1060 6GB1 x NVIDIA GeForce RTX 3060,9.996,53.5544,32.0,machine,N
2023-11-09T18:22:09,partial-model-merging,a2600a09-3110-4f91-9780-3a58520cb7d0,2.0037615299224854,9.383525000951888e-06,0.0046829549628667,0.0,26.367,12.0,0,1.4647863600850109e-05,6.6299708684285485e-06,2.1277834469278656e-05,Germany,DEU,free and hanseatic city of hamburg,,,Linux-6.2.0-36-generic-x86_64-with-glibc2.35,3.10.12,4,Intel(R) Core(TM) i5-9600K CPU @ 3.70GHz,2,1 x NVIDIA GeForce GTX 1060 6GB1 x NVIDIA GeForce RTX 3060,9.996,53.5544,32.0,machine,N
2023-11-09T18:29:18,partial-model-merging,,2.0117318630218506,9.585707220485806e-06,0.0047649030154977,0.0,27.085,12.0,0,1.5092139983508325e-05,6.644157568613689e-06,2.173629755212201e-05,Germany,DEU,free and hanseatic city of hamburg,,,Linux-6.2.0-36-generic-x86_64-with-glibc2.35,3.10.12,4,Intel(R) Core(TM) i5-9600K CPU @ 3.70GHz,2,1 x NVIDIA GeForce GTX 1060 6GB1 x NVIDIA GeForce RTX 3060,9.996,53.5544,32.0,machine,N
2023-11-09T18:32:15,partial-model-merging,cd866a9b-d0ae-48fe-ab31-e77f3ea0c463,2.080089569091797,9.991786661159991e-06,0.0048035367368928,0.0,27.411,12.0,0,1.578850222826004e-05,6.868610382080079e-06,2.265711261034012e-05,Germany,DEU,free and hanseatic city of hamburg,,,Linux-6.2.0-36-generic-x86_64-with-glibc2.35,3.10.12,4,Intel(R) Core(TM) i5-9600K CPU @ 3.70GHz,2,1 x NVIDIA GeForce GTX 1060 6GB1 x NVIDIA GeForce RTX 3060,9.996,53.5544,32.0,machine,N
2023-11-09T18:44:05,partial-model-merging,28422c94-0cf8-474f-b9a6-c367dc4380ad,629.6115758419037,0.0122040897847672,0.0193835219253207,0.0,147.734,12.0,0,0.0255889331246117,0.0020847398567199,0.0276736729813316,Germany,DEU,free and hanseatic city of hamburg,,,Linux-6.2.0-36-generic-x86_64-with-glibc2.35,3.10.12,4,Intel(R) Core(TM) i5-9600K CPU @ 3.70GHz,2,1 x NVIDIA GeForce GTX 1060 6GB1 x NVIDIA GeForce RTX 3060,9.996,53.5544,32.0,machine,N
2023-11-09T19:18:13,partial-model-merging,05f52838-0405-45cf-b44b-0f94bfd9a658,628.9813542366028,0.0113883556826247,0.0181060306572153,0.0,141.435,6.0,0,0.0251388208443848,0.001041307161649,0.0261801280060338,Germany,DEU,free and hanseatic city of hamburg,,,Linux-6.2.0-36-generic-x86_64-with-glibc2.35,3.10.12,4,Intel(R) Core(TM) i5-9600K CPU @ 3.70GHz,2,1 x NVIDIA GeForce GTX 1060 6GB1 x NVIDIA GeForce RTX 3060,9.996,53.5544,16.0,machine,N
2023-11-10T15:21:09,partial-model-merging,,1758.0548593997955,0.0307268372044162,0.0174777465220319,0.0,161.875,6.0,0,0.0739053825488676,0.0029117104621728,0.0768170930110405,Germany,DEU,free and hanseatic city of hamburg,,,Linux-6.2.0-36-generic-x86_64-with-glibc2.35,3.10.12,4,Intel(R) Core(TM) i5-9600K CPU @ 3.70GHz,2,1 x NVIDIA GeForce GTX 1060 6GB1 x NVIDIA GeForce RTX 3060,9.996,53.5544,16.0,machine,N
2023-11-10T15:21:14,partial-model-merging,0e980e1b-64a6-49e9-8b03-83ebd907e075,0.0277013778686523,1.5376234086354576e-07,0.0055507109282656,0.0,56.402,6.0,0,3.6534031311670937e-07,1.9065539042154952e-08,3.8440585215886434e-07,Germany,DEU,free and hanseatic city of hamburg,,,Linux-6.2.0-36-generic-x86_64-with-glibc2.35,3.10.12,4,Intel(R) Core(TM) i5-9600K CPU @ 3.70GHz,2,1 x NVIDIA GeForce GTX 1060 6GB1 x NVIDIA GeForce RTX 3060,9.996,53.5544,16.0,machine,N
2023-11-10T16:02:11,partial-model-merging,4b166e6a-e2bd-46a8-94be-bf9bd4ee08e5,1084.766793012619,0.0185809586284538,0.0171289891506088,0.0,154.43200000000002,6.0,0,0.0440743070919035,0.0018046031018098,0.0458789101937133,Germany,DEU,free and hanseatic city of hamburg,,,Linux-6.2.0-36-generic-x86_64-with-glibc2.35,3.10.12,4,Intel(R) Core(TM) i5-9600K CPU @ 3.70GHz,2,1 x NVIDIA GeForce GTX 1060 6GB1 x NVIDIA GeForce RTX 3060,9.996,53.5544,16.0,machine,N
2023-11-10T16:02:17,partial-model-merging,2c1f1bb5-f713-4d0f-91c7-758a48dba55a,0.021918773651123,1.10004933321476e-07,0.005018754017556,0.0,55.42700000000001,6.0,0,2.622262088457744e-07,9.390910466512044e-09,2.716171193122864e-07,Germany,DEU,free and hanseatic city of hamburg,,,Linux-6.2.0-36-generic-x86_64-with-glibc2.35,3.10.12,4,Intel(R) Core(TM) i5-9600K CPU @ 3.70GHz,2,1 x NVIDIA GeForce GTX 1060 6GB1 x NVIDIA GeForce RTX 3060,9.996,53.5544,16.0,machine,N
2023-11-10T17:13:55,partial-model-merging,fc20c9c3-1afe-403c-ba7c-e4f12479b4cb,521.720550775528,0.0083680605685014,0.016039353933945,0.0,137.584,6.0,0,0.0190085293627254,0.000868099066019,0.0198766284287444,Germany,DEU,free and hanseatic city of hamburg,,,Linux-6.2.0-36-generic-x86_64-with-glibc2.35,3.10.12,4,Intel(R) Core(TM) i5-9600K CPU @ 3.70GHz,2,1 x NVIDIA GeForce GTX 1060 6GB1 x NVIDIA GeForce RTX 3060,9.996,53.5544,16.0,machine,N
2023-11-10T17:14:01,partial-model-merging,26b81650-a462-4b77-874a-e565d1c7e7c9,0.0403542518615722,2.349226805837949e-07,0.0058215099957658,0.0,53.291,6.0,0,5.280856124560039e-07,2.992550532023112e-08,5.58011117776235e-07,Germany,DEU,free and hanseatic city of hamburg,,,Linux-6.2.0-36-generic-x86_64-with-glibc2.35,3.10.12,4,Intel(R) Core(TM) i5-9600K CPU @ 3.70GHz,2,1 x NVIDIA GeForce GTX 1060 6GB1 x NVIDIA GeForce RTX 3060,9.996,53.5544,16.0,machine,N
2023-11-10T17:17:57,partial-model-merging,,174.03779196739197,0.000941063709588,0.0054072376979151,0.0,150.012,6.0,0,0.0070059622666923,0.0002894600212574,0.0072954222879497,Canada,CAN,,,,Linux-6.2.0-36-generic-x86_64-with-glibc2.35,3.10.12,4,Intel(R) Core(TM) i5-9600K CPU @ 3.70GHz,2,1 x NVIDIA GeForce GTX 1060 6GB1 x NVIDIA GeForce RTX 3060,,,16.0,machine,N
2023-11-10T17:21:10,partial-model-merging,c8482376-eede-4147-921b-9511be3b1635,173.9069848060608,0.0030957844654275,0.0178013808294123,0.0,147.969,6.0,0,0.0070641200098008,0.0002892872714996,0.0073534072813004,Germany,DEU,free and hanseatic city of hamburg,,,Linux-6.2.0-36-generic-x86_64-with-glibc2.35,3.10.12,4,Intel(R) Core(TM) i5-9600K CPU @ 3.70GHz,2,1 x NVIDIA GeForce GTX 1060 6GB1 x NVIDIA GeForce RTX 3060,9.996,53.5544,16.0,machine,N
2023-11-10T17:23:15,partial-model-merging,cd1f96d2-ebdc-41f0-91a0-c22b444ca103,104.8058624267578,0.0016609283866364,0.0158476668020087,0.0,128.753,6.0,0,0.0037707678955766,0.0001744301724433,0.00394519806802,Germany,DEU,free and hanseatic city of hamburg,,,Linux-6.2.0-36-generic-x86_64-with-glibc2.35,3.10.12,4,Intel(R) Core(TM) i5-9600K CPU @ 3.70GHz,2,1 x NVIDIA GeForce GTX 1060 6GB1 x NVIDIA GeForce RTX 3060,9.996,53.5544,16.0,machine,N
2023-11-10T17:25:19,partial-model-merging,ff88c3e0-ba84-4dfb-87ea-1c7c7d1e420b,105.59877967834473,0.0016549209983908,0.0156717814678521,0.0,127.745,6.0,0,0.0037560196768717,0.0001749090603987,0.0039309287372705,Germany,DEU,free and hanseatic city of hamburg,,,Linux-6.2.0-36-generic-x86_64-with-glibc2.35,3.10.12,4,Intel(R) Core(TM) i5-9600K CPU @ 3.70GHz,2,1 x NVIDIA GeForce GTX 1060 6GB1 x NVIDIA GeForce RTX 3060,9.996,53.5544,16.0,machine,N
2023-11-11T19:39:03,partial-model-merging,16f40494-56fc-439d-b35d-f9bbe1ce9fb8,9.209466218948364,0.0001296823417047,0.0140814178174602,0.0,94.08,6.0,0,0.0002404677031199,1.5316008329391478e-05,0.0002557837114493,Germany,DEU,free and hanseatic city of hamburg,,,Linux-6.2.0-36-generic-x86_64-with-glibc2.35,3.10.12,4,Intel(R) Core(TM) i5-9600K CPU @ 3.70GHz,2,1 x NVIDIA GeForce GTX 1060 6GB1 x NVIDIA GeForce RTX 3060,9.996,53.5544,16.0,machine,N
2023-11-11T20:19:21,partial-model-merging,1eada13e-020a-4ed9-a993-a264b238ea26,1756.0025806427002,0.0398032424705995,0.022666961261544,0.0,161.08000000000004,6.0,0,0.0734922052587675,0.0029055729957421,0.0763977782545096,Germany,DEU,free and hanseatic city of hamburg,,,Linux-6.2.0-36-generic-x86_64-with-glibc2.35,3.10.12,4,Intel(R) Core(TM) i5-9600K CPU @ 3.70GHz,2,1 x NVIDIA GeForce GTX 1060 6GB1 x NVIDIA GeForce RTX 3060,9.996,53.5544,16.0,machine,N
2023-11-11T20:19:31,partial-model-merging,d6116fc9-87a9-44c5-a2e5-ef1de182765f,0.0402140617370605,2.902074450955126e-07,0.0072165663591266,0.0,54.727,6.0,0,5.435696640279558e-07,1.3450384140014648e-08,5.570200481679705e-07,Germany,DEU,free and hanseatic city of hamburg,,,Linux-6.2.0-36-generic-x86_64-with-glibc2.35,3.10.12,4,Intel(R) Core(TM) i5-9600K CPU @ 3.70GHz,2,1 x NVIDIA GeForce GTX 1060 6GB1 x NVIDIA GeForce RTX 3060,9.996,53.5544,16.0,machine,N
2023-11-11T21:04:37,partial-model-merging,285a4e0d-2f6d-4889-9907-ae97faa7e1da,2685.3885159492493,0.0617396488714286,0.0229909558727685,0.0,158.72,6.0,0,0.1140660735372948,0.0044361315902074,0.1185022051275021,Germany,DEU,free and hanseatic city of hamburg,,,Linux-6.2.0-36-generic-x86_64-with-glibc2.35,3.10.12,4,Intel(R) Core(TM) i5-9600K CPU @ 3.70GHz,2,1 x NVIDIA GeForce GTX 1060 6GB1 x NVIDIA GeForce RTX 3060,9.996,53.5544,16.0,machine,N
2023-11-11T21:04:43,partial-model-merging,e2933763-e3ff-4466-9867-c5ab7dcd2e35,0.0272324085235595,1.961183899684748e-07,0.0072016542274917,0.0,56.517,6.0,0,3.575961554050446e-07,1.883069674173991e-08,3.764268521467845e-07,Germany,DEU,free and hanseatic city of hamburg,,,Linux-6.2.0-36-generic-x86_64-with-glibc2.35,3.10.12,4,Intel(R) Core(TM) i5-9600K CPU @ 3.70GHz,2,1 x NVIDIA GeForce GTX 1060 6GB1 x NVIDIA GeForce RTX 3060,9.996,53.5544,16.0,machine,N
2023-11-11T22:04:25,partial-model-merging,d4c636eb-1f0f-4836-9df9-fdb11acecf29,3560.996996641159,0.0848770924255905,0.0238352047209388,0.0,162.332,6.0,0,0.151893527394182,0.0058705849210421,0.1577641123152241,Germany,DEU,free and hanseatic city of hamburg,,,Linux-6.2.0-36-generic-x86_64-with-glibc2.35,3.10.12,4,Intel(R) Core(TM) i5-9600K CPU @ 3.70GHz,2,1 x NVIDIA GeForce GTX 1060 6GB1 x NVIDIA GeForce RTX 3060,9.996,53.5544,16.0,machine,N
2023-11-11T22:04:30,partial-model-merging,6d3b28f0-0b62-4d54-9937-3e588afebd29,0.0272772312164306,2.08547189119392e-07,0.0076454676599937,0.0,56.318,6.0,0,3.67351117266549e-07,2.0283063252766927e-08,3.876341805193159e-07,Germany,DEU,free and hanseatic city of hamburg,,,Linux-6.2.0-36-generic-x86_64-with-glibc2.35,3.10.12,4,Intel(R) Core(TM) i5-9600K CPU @ 3.70GHz,2,1 x NVIDIA GeForce GTX 1060 6GB1 x NVIDIA GeForce RTX 3060,9.996,53.5544,16.0,machine,N
2023-11-12T01:46:14,partial-model-merging,2c56a4ae-f4d1-48b6-85a2-a0485c116ce5,7242.796938657761,0.2152729513438791,0.0297223507944672,0.0,128.591,6.0,0,0.311208789138213,0.012023870537281,0.3232326596754942,Germany,DEU,free and hanseatic city of hamburg,,,Linux-6.2.0-36-generic-x86_64-with-glibc2.35,3.10.12,4,Intel(R) Core(TM) i5-9600K CPU @ 3.70GHz,2,1 x NVIDIA GeForce GTX 1060 6GB1 x NVIDIA GeForce RTX 3060,9.996,53.5544,16.0,machine,N
2023-11-12T01:46:19,partial-model-merging,93163b55-6c24-4576-a381-a9f4937b9b74,0.0287990570068359,2.6017567054867746e-07,0.0090341732538992,0.0,55.439,6.0,0,3.6957756022612253e-07,2.1076599756876632e-08,3.906541599829992e-07,Germany,DEU,free and hanseatic city of hamburg,,,Linux-6.2.0-36-generic-x86_64-with-glibc2.35,3.10.12,4,Intel(R) Core(TM) i5-9600K CPU @ 3.70GHz,2,1 x NVIDIA GeForce GTX 1060 6GB1 x NVIDIA GeForce RTX 3060,9.996,53.5544,16.0,machine,N
2023-11-12T14:52:18,partial-model-merging,eea53300-8b19-4fb5-a72d-4ef0797516cf,0.0576496124267578,3.539301087492253e-07,0.0061393319720732,0.0,24.777,23.521737098693848,0,3.440294986963273e-07,3.200044764429322e-07,6.640339751392594e-07,Germany,DEU,free and hanseatic city of hamburg,,,Linux-6.2.0-36-generic-x86_64-with-glibc2.35,3.10.12,6,Intel(R) Core(TM) i5-9600K CPU @ 3.70GHz,2,1 x NVIDIA GeForce GTX 1060 6GB1 x NVIDIA GeForce RTX 3060,9.996,53.5544,62.7246322631836,machine,N
2023-11-12T14:57:11,partial-model-merging,7aa2c98e-a113-47fc-bde3-6f6418918149,0.0225124359130859,1.1826347048674109e-07,0.0052532507340974,0.0,25.465,23.521737098693848,0,1.1615127192603217e-07,1.0573141191400737e-07,2.2188268384003962e-07,Germany,DEU,free and hanseatic city of hamburg,,,Linux-6.2.0-36-generic-x86_64-with-glibc2.35,3.10.12,6,Intel(R) Core(TM) i5-9600K CPU @ 3.70GHz,2,1 x NVIDIA GeForce GTX 1060 6GB1 x NVIDIA GeForce RTX 3060,9.996,53.5544,62.7246322631836,machine,N
2023-11-12T15:02:16,partial-model-merging,300f5589-e020-4e9c-b350-8fd7ee13c49f,0.0359442234039306,1.505285603443782e-07,0.0041878373237552,0.0,26.33,6.0,0,2.365018864472707e-07,3.423293431599935e-08,2.707348207632701e-07,Germany,DEU,free and hanseatic city of hamburg,,,Linux-6.2.0-36-generic-x86_64-with-glibc2.35,3.10.12,4,Intel(R) Core(TM) i5-9600K CPU @ 3.70GHz,2,1 x NVIDIA GeForce GTX 1060 6GB1 x NVIDIA GeForce RTX 3060,9.996,53.5544,16.0,machine,N
2023-11-12T15:02:21,partial-model-merging,7e7fe83e-f3a6-483e-a086-cbb9551e28cc,0.0382936000823974,1.561698334752189e-07,0.0040782228137125,0.0,26.291,6.0,0,2.535129267639584e-07,2.7368068695068363e-08,2.808809954590268e-07,Germany,DEU,free and hanseatic city of hamburg,,,Linux-6.2.0-36-generic-x86_64-with-glibc2.35,3.10.12,4,Intel(R) Core(TM) i5-9600K CPU @ 3.70GHz,2,1 x NVIDIA GeForce GTX 1060 6GB1 x NVIDIA GeForce RTX 3060,9.996,53.5544,16.0,machine,N
2023-11-12T15:02:43,partial-model-merging,05492d1a-1a1b-4782-8313-664701d7c9dc,0.0383610725402832,1.5585249516540108e-07,0.0040627773116025,0.0,26.221,6.0,0,2.52191950612598e-07,2.811829249064128e-08,2.803102431032393e-07,Germany,DEU,free and hanseatic city of hamburg,,,Linux-6.2.0-36-generic-x86_64-with-glibc2.35,3.10.12,4,Intel(R) Core(TM) i5-9600K CPU @ 3.70GHz,2,1 x NVIDIA GeForce GTX 1060 6GB1 x NVIDIA GeForce RTX 3060,9.996,53.5544,16.0,machine,N
2023-11-12T15:02:47,partial-model-merging,be8f291e-3b7f-49f7-9257-ead779d54450,0.0261471271514892,1.009672564721108e-07,0.0038615047797463,0.0,26.21700000000001,6.0,0,1.6332696139812476e-07,1.8268823623657223e-08,1.81595785021782e-07,Germany,DEU,free and hanseatic city of hamburg,,,Linux-6.2.0-36-generic-x86_64-with-glibc2.35,3.10.12,4,Intel(R) Core(TM) i5-9600K CPU @ 3.70GHz,2,1 x NVIDIA GeForce GTX 1060 6GB1 x NVIDIA GeForce RTX 3060,9.996,53.5544,16.0,machine,N
2023-11-12T16:15:40,partial-model-merging,,4234.854771375656,0.1079169366609946,0.0254830312931696,0.0,161.766,6.0,0,0.1823203335540155,0.0070076255003611,0.1893279590543765,Germany,DEU,free and hanseatic city of hamburg,,,Linux-6.2.0-36-generic-x86_64-with-glibc2.35,3.10.12,4,Intel(R) Core(TM) i5-9600K CPU @ 3.70GHz,2,1 x NVIDIA GeForce GTX 1060 6GB1 x NVIDIA GeForce RTX 3060,9.996,53.5544,16.0,machine,N
2023-11-12T16:15:46,partial-model-merging,39fae9f8-9622-4689-9861-de0c752fc648,0.0303266048431396,2.394439619104068e-07,0.0078955083547564,0.0,56.497,6.0,0,3.97595048877928e-07,2.2482077280680345e-08,4.2007712615860834e-07,Germany,DEU,free and hanseatic city of hamburg,,,Linux-6.2.0-36-generic-x86_64-with-glibc2.35,3.10.12,4,Intel(R) Core(TM) i5-9600K CPU @ 3.70GHz,2,1 x NVIDIA GeForce GTX 1060 6GB1 x NVIDIA GeForce RTX 3060,9.996,53.5544,16.0,machine,N
2023-11-12T18:40:12,partial-model-merging,3d0982bf-6b45-49ef-a6b6-7238de454b40,8642.705307006836,0.2388803477610662,0.0276395340666539,0.0,164.016,6.0,0,0.3754610636997816,0.0142295525499184,0.3896906162497002,Germany,DEU,free and hanseatic city of hamburg,,,Linux-6.2.0-36-generic-x86_64-with-glibc2.35,3.10.12,4,Intel(R) Core(TM) i5-9600K CPU @ 3.70GHz,2,1 x NVIDIA GeForce GTX 1060 6GB1 x NVIDIA GeForce RTX 3060,9.996,53.5544,16.0,machine,N
2023-11-12T18:40:17,partial-model-merging,fb940792-296f-4ea9-b0f7-3bb58e2422da,0.0293703079223632,2.571364331918955e-07,0.0087549791398715,0.0,56.377,6.0,0,3.969559079408646e-07,2.2516250610351565e-08,4.194721585512162e-07,Germany,DEU,free and hanseatic city of hamburg,,,Linux-6.2.0-36-generic-x86_64-with-glibc2.35,3.10.12,4,Intel(R) Core(TM) i5-9600K CPU @ 3.70GHz,2,1 x NVIDIA GeForce GTX 1060 6GB1 x NVIDIA GeForce RTX 3060,9.996,53.5544,16.0,machine,N
2023-11-12T21:13:11,partial-model-merging,ce4c0dd4-2036-48c4-aa8b-662c42a6bb18,6516.213690519333,0.1767108890702755,0.0271186454992073,0.0,158.673,6.0,0,0.2823033001847718,0.0107495838455359,0.2930528840303077,Germany,DEU,free and hanseatic city of hamburg,,,Linux-6.2.0-36-generic-x86_64-with-glibc2.35,3.10.12,4,Intel(R) Core(TM) i5-9600K CPU @ 3.70GHz,2,1 x NVIDIA GeForce GTX 1060 6GB1 x NVIDIA GeForce RTX 3060,9.996,53.5544,16.0,machine,N
2023-11-12T21:13:17,partial-model-merging,a838aee0-dc02-4778-a65d-02f6a4dfee4d,0.0305430889129638,2.5139408252954484e-07,0.0082308008612331,0.0,56.692,6.0,0,3.943154491318597e-07,2.2590160369873047e-08,4.169056095017328e-07,Germany,DEU,free and hanseatic city of hamburg,,,Linux-6.2.0-36-generic-x86_64-with-glibc2.35,3.10.12,4,Intel(R) Core(TM) i5-9600K CPU @ 3.70GHz,2,1 x NVIDIA GeForce GTX 1060 6GB1 x NVIDIA GeForce RTX 3060,9.996,53.5544,16.0,machine,N
2023-11-13T17:13:48,partial-model-merging,,6400.682255506516,0.114913100636686,0.0179532581136684,0.0,167.032,6.0,0,0.2781494928364185,0.0105768906728426,0.2887263835092613,Germany,DEU,free and hanseatic city of hamburg,,,Linux-6.2.0-36-generic-x86_64-with-glibc2.35,3.10.12,4,Intel(R) Core(TM) i5-9600K CPU @ 3.70GHz,2,1 x NVIDIA GeForce GTX 1060 6GB1 x NVIDIA GeForce RTX 3060,9.996,53.5544,16.0,machine,N
2023-11-13T17:13:54,partial-model-merging,6b03bdbb-9fa4-4139-a0a3-475f58fa800f,0.0292861461639404,1.630104362010956e-07,0.0055661279325925,0.0,56.315,6.0,0,3.882060925165812e-07,2.1367867787679043e-08,4.0957396030426027e-07,Germany,DEU,free and hanseatic city of hamburg,,,Linux-6.2.0-36-generic-x86_64-with-glibc2.35,3.10.12,4,Intel(R) Core(TM) i5-9600K CPU @ 3.70GHz,2,1 x NVIDIA GeForce GTX 1060 6GB1 x NVIDIA GeForce RTX 3060,9.996,53.5544,16.0,machine,N
2023-11-13T20:51:44,partial-model-merging,a6369357-199f-42e8-97fd-7ebbfe12c743,13047.42864370346,0.1824087083773216,0.0139804334906518,0.0,162.632,6.0,0,0.5726974799863034,0.0214676938811937,0.5941651738674971,Germany,DEU,free and hanseatic city of hamburg,,,Linux-6.2.0-36-generic-x86_64-with-glibc2.35,3.10.12,4,Intel(R) Core(TM) i5-9600K CPU @ 3.70GHz,2,1 x NVIDIA GeForce GTX 1060 6GB1 x NVIDIA GeForce RTX 3060,9.996,53.5544,16.0,machine,N
2023-11-13T20:51:49,partial-model-merging,a34c8fca-63a5-4c7c-926f-0fa44bba1ee5,0.0297613143920898,1.2397658070656988e-07,0.0041656957442552,0.0,56.474,6.0,0,3.820350918504927e-07,2.1797418594360363e-08,4.0383251044485306e-07,Germany,DEU,free and hanseatic city of hamburg,,,Linux-6.2.0-36-generic-x86_64-with-glibc2.35,3.10.12,4,Intel(R) Core(TM) i5-9600K CPU @ 3.70GHz,2,1 x NVIDIA GeForce GTX 1060 6GB1 x NVIDIA GeForce RTX 3060,9.996,53.5544,16.0,machine,N
2023-11-13T21:32:52,partial-model-merging,9ec5a5c9-ce0d-4dad-8317-15513b6554dd,0.0347530841827392,7.958157178223132e-08,0.0022899139358042,0.0,28.077,6.0,0,2.320595266421636e-07,3.0585924784342446e-08,2.62645451426506e-07,Germany,DEU,free and hanseatic city of hamburg,,,Linux-6.2.0-36-generic-x86_64-with-glibc2.35,3.10.12,4,Intel(R) Core(TM) i5-9600K CPU @ 3.70GHz,2,1 x NVIDIA GeForce GTX 1060 6GB1 x NVIDIA GeForce RTX 3060,9.996,53.5544,16.0,machine,N
2023-11-13T21:32:57,partial-model-merging,a022f5c9-f950-4005-83af-8e8149f8360f,0.0450460910797119,1.0657464529156685e-07,0.0023659021845641,0.0,28.162,6.0,0,3.143935636679332e-07,3.73379389444987e-08,3.517315026124318e-07,Germany,DEU,free and hanseatic city of hamburg,,,Linux-6.2.0-36-generic-x86_64-with-glibc2.35,3.10.12,4,Intel(R) Core(TM) i5-9600K CPU @ 3.70GHz,2,1 x NVIDIA GeForce GTX 1060 6GB1 x NVIDIA GeForce RTX 3060,9.996,53.5544,16.0,machine,N
2023-11-13T23:43:54,partial-model-merging,e7432fad-5dbb-4476-ba59-737841c5d51b,6402.665074586868,0.0775429530822019,0.012111043163882,0.0,169.558,6.0,0,0.280925203277176,0.0105896579341093,0.2915148612112855,Germany,DEU,free and hanseatic city of hamburg,,,Linux-6.2.0-36-generic-x86_64-with-glibc2.35,3.10.12,4,Intel(R) Core(TM) i5-9600K CPU @ 3.70GHz,2,1 x NVIDIA GeForce GTX 1060 6GB1 x NVIDIA GeForce RTX 3060,9.996,53.5544,16.0,machine,N
2023-11-13T23:44:00,partial-model-merging,8f55535b-c931-4768-afbd-60a3f38803a3,0.0301270484924316,1.1279514496988725e-07,0.0037439825875482,0.0,57.106,6.0,0,4.020056638452742e-07,2.2036234537760418e-08,4.240418983830346e-07,Germany,DEU,free and hanseatic city of hamburg,,,Linux-6.2.0-36-generic-x86_64-with-glibc2.35,3.10.12,4,Intel(R) Core(TM) i5-9600K CPU @ 3.70GHz,2,1 x NVIDIA GeForce GTX 1060 6GB1 x NVIDIA GeForce RTX 3060,9.996,53.5544,16.0,machine,N
2023-11-14T21:04:30,partial-model-merging,4f82aa15-3bdc-4a6f-9d86-26a8af92b735,4240.25118637085,0.0667978496034156,0.015753276555436,0.0,161.80100000000002,6.0,0,0.1806169456603809,0.0070174633379777,0.1876344089983585,Germany,DEU,free and hanseatic city of hamburg,,,Linux-6.2.0-36-generic-x86_64-with-glibc2.35,3.10.12,4,Intel(R) Core(TM) i5-9600K CPU @ 3.70GHz,2,1 x NVIDIA GeForce GTX 1060 6GB1 x NVIDIA GeForce RTX 3060,9.996,53.5544,16.0,machine,N
2023-11-14T21:04:36,partial-model-merging,0a777a31-6d1d-46ce-b8a1-5fc995d54f87,0.0410537719726562,2.1170319472869245e-07,0.0051567294442444,0.0,56.159,6.0,0,5.644614797830581e-07,3.0210415522257494e-08,5.946718953053156e-07,Germany,DEU,free and hanseatic city of hamburg,,,Linux-6.2.0-36-generic-x86_64-with-glibc2.35,3.10.12,4,Intel(R) Core(TM) i5-9600K CPU @ 3.70GHz,2,1 x NVIDIA GeForce GTX 1060 6GB1 x NVIDIA GeForce RTX 3060,9.996,53.5544,16.0,machine,N
2023-11-15T17:29:13,partial-model-merging,ee558123-2edc-4cc9-9be3-8c6689f10a70,1751.7824275493622,0.0461304266466727,0.0263334224166219,0.0,167.798,23.5217342376709,0,0.0726313738568709,0.0113949041880703,0.0840262780449412,Germany,DEU,free and hanseatic city of hamburg,,,Linux-6.2.0-36-generic-x86_64-with-glibc2.35,3.10.12,6,Intel(R) Core(TM) i5-9600K CPU @ 3.70GHz,2,1 x NVIDIA GeForce GTX 1060 6GB1 x NVIDIA GeForce RTX 3060,9.996,53.5544,62.72462463378906,machine,N
2023-11-15T18:32:34,partial-model-merging,ec58f040-ca88-4c5c-9f5c-6e97fdd07d30,0.0946335792541503,6.554598303429962e-07,0.0069262922897872,0.0,27.24000000000001,23.5217342376709,0,6.623456398646038e-07,5.697217104041859e-07,1.2320673502687898e-06,Germany,DEU,free and hanseatic city of hamburg,,,Linux-6.2.0-36-generic-x86_64-with-glibc2.35,3.10.12,6,Intel(R) Core(TM) i5-9600K CPU @ 3.70GHz,2,1 x NVIDIA GeForce GTX 1060 6GB1 x NVIDIA GeForce RTX 3060,9.996,53.5544,62.72462463378906,machine,N
2023-11-15T18:33:36,partial-model-merging,38fb729f-1b25-4598-9fd8-d9badde579bb,0.0184018611907959,8.156044257080998e-08,0.0044321844255408,0.0,27.196,23.5217342376709,0,8.309826930363974e-08,7.021083327307075e-08,1.533091025767105e-07,Germany,DEU,free and hanseatic city of hamburg,,,Linux-6.2.0-36-generic-x86_64-with-glibc2.35,3.10.12,6,Intel(R) Core(TM) i5-9600K CPU @ 3.70GHz,2,1 x NVIDIA GeForce GTX 1060 6GB1 x NVIDIA GeForce RTX 3060,9.996,53.5544,62.72462463378906,machine,N
2023-11-16T15:03:21,partial-model-merging,55b9e88d-72a6-4021-89af-63a14372ac19,1241.5944983959198,0.0339060938693626,0.0273085084648552,0.0,166.014,6.0,0,0.0510038160395522,0.0020573637247085,0.0530611797642607,Germany,DEU,free and hanseatic city of hamburg,,,Linux-6.2.0-36-generic-x86_64-with-glibc2.35,3.10.12,4,Intel(R) Core(TM) i5-9600K CPU @ 3.70GHz,2,1 x NVIDIA GeForce GTX 1060 6GB1 x NVIDIA GeForce RTX 3060,9.996,53.5544,16.0,machine,N
2023-11-16T15:03:26,partial-model-merging,8cbbd65c-c175-4805-a408-0d2f7655477a,0.0261063575744628,2.2841678201258186e-07,0.008749469601842,0.0,54.189,6.0,0,3.3847726285457616e-07,1.8982489903767903e-08,3.574597527583441e-07,Germany,DEU,free and hanseatic city of hamburg,,,Linux-6.2.0-36-generic-x86_64-with-glibc2.35,3.10.12,4,Intel(R) Core(TM) i5-9600K CPU @ 3.70GHz,2,1 x NVIDIA GeForce GTX 1060 6GB1 x NVIDIA GeForce RTX 3060,9.996,53.5544,16.0,machine,N
2023-11-16T16:38:34,partial-model-merging,df190b50-8908-4525-8526-96647bcd5b94,4232.738879919052,0.1200180208668533,0.0283546952154886,0.0,168.121,6.0,0,0.1802280301082685,0.0070075718681017,0.1872356019763703,Germany,DEU,free and hanseatic city of hamburg,,,Linux-6.2.0-36-generic-x86_64-with-glibc2.35,3.10.12,4,Intel(R) Core(TM) i5-9600K CPU @ 3.70GHz,2,1 x NVIDIA GeForce GTX 1060 6GB1 x NVIDIA GeForce RTX 3060,9.9946,53.5544,16.0,machine,N
2023-11-16T16:38:39,partial-model-merging,164e1b0c-dbae-41ed-9fc6-e576bbff0a46,0.0306236743927001,2.676332176764807e-07,0.0087394221295755,0.0,56.16600000000001,6.0,0,3.952582120895386e-07,2.2266308466593424e-08,4.175245205561321e-07,Germany,DEU,free and hanseatic city of hamburg,,,Linux-6.2.0-36-generic-x86_64-with-glibc2.35,3.10.12,4,Intel(R) Core(TM) i5-9600K CPU @ 3.70GHz,2,1 x NVIDIA GeForce GTX 1060 6GB1 x NVIDIA GeForce RTX 3060,9.996,53.5544,16.0,machine,N
2023-11-16T16:45:56,partial-model-merging,8aaf0436-9a4d-4a2d-8390-f79a9abeeee8,3.226489543914795,7.03293704096822e-05,0.0217974890209467,0.0,116.682,6.0,0,0.000104370374126,5.347832441329956e-06,0.0001097182065673,Germany,DEU,free and hanseatic city of hamburg,,,Linux-6.2.0-36-generic-x86_64-with-glibc2.35,3.10.12,4,Intel(R) Core(TM) i5-9600K CPU @ 3.70GHz,2,1 x NVIDIA GeForce GTX 1060 6GB1 x NVIDIA GeForce RTX 3060,9.996,53.5544,16.0,machine,N
2023-11-16T16:45:57,partial-model-merging,04189049-f298-438e-8d86-cb9f761d9b9e,407.3644251823425,0.0117672601643565,0.0288863225086219,0.0,86.67400000000002,6.0,0,0.017681441914197,0.0006762182486057,0.0183576601628027,Germany,DEU,free and hanseatic city of hamburg,,,Linux-6.2.0-36-generic-x86_64-with-glibc2.35,3.10.12,4,Intel(R) Core(TM) i5-9600K CPU @ 3.70GHz,2,1 x NVIDIA GeForce GTX 1060 6GB1 x NVIDIA GeForce RTX 3060,9.996,53.5544,16.0,machine,N
2023-11-16T16:52:57,partial-model-merging,a7fd7676-f14b-4613-affb-ab69fe570f65,83.82955980300903,0.002160748862199,0.0257755005188698,0.0,150.31300000000002,6.0,0,0.0032317434234634,0.0001391596376895,0.003370903061153,Germany,DEU,free and hanseatic city of hamburg,,,Linux-6.2.0-36-generic-x86_64-with-glibc2.35,3.10.12,4,Intel(R) Core(TM) i5-9600K CPU @ 3.70GHz,2,1 x NVIDIA GeForce GTX 1060 6GB1 x NVIDIA GeForce RTX 3060,9.996,53.5544,16.0,machine,N
2023-11-16T18:07:28,partial-model-merging,c0371be7-cdef-45c4-b651-09161a4209a4,4240.517444849014,0.1265735923617213,0.0298486196573654,0.0,167.67600000000002,6.0,0,0.1821837999991101,0.0070143948614597,0.1891981948605699,Germany,DEU,free and hanseatic city of hamburg,,,Linux-6.2.0-36-generic-x86_64-with-glibc2.35,3.10.12,4,Intel(R) Core(TM) i5-9600K CPU @ 3.70GHz,2,1 x NVIDIA GeForce GTX 1060 6GB1 x NVIDIA GeForce RTX 3060,9.996,53.5544,16.0,machine,N
2023-11-16T18:07:35,partial-model-merging,,0.0274510383605957,2.319696657419205e-07,0.0084503056931681,0.0,55.944,6.0,0,3.309142827987671e-07,1.5826622645060223e-08,3.467409054438273e-07,Germany,DEU,free and hanseatic city of hamburg,,,Linux-6.2.0-36-generic-x86_64-with-glibc2.35,3.10.12,4,Intel(R) Core(TM) i5-9600K CPU @ 3.70GHz,2,1 x NVIDIA GeForce GTX 1060 6GB1 x NVIDIA GeForce RTX 3060,9.996,53.5544,16.0,machine,N
2023-11-16T20:59:48,partial-model-merging,a688022e-c651-4c8e-b79a-0887866facbd,8629.372286558151,0.2530129375053684,0.0293199701094693,0.0,169.95000000000002,6.0,0,0.371469594832682,0.0142208586815993,0.3856904535142812,Germany,DEU,free and hanseatic city of hamburg,,,Linux-6.2.0-36-generic-x86_64-with-glibc2.35,3.10.12,4,Intel(R) Core(TM) i5-9600K CPU @ 3.70GHz,2,1 x NVIDIA GeForce GTX 1060 6GB1 x NVIDIA GeForce RTX 3060,9.996,53.5544,16.0,machine,N
2023-11-16T20:59:59,partial-model-merging,163ce2b3-faae-4f5e-a1e2-10fc444cef43,0.0290141105651855,2.47219217649036e-07,0.0085206547032904,0.0,54.841,6.0,0,3.566927227046755e-07,2.0165840784708665e-08,3.768585634893841e-07,Germany,DEU,free and hanseatic city of hamburg,,,Linux-6.2.0-36-generic-x86_64-with-glibc2.35,3.10.12,4,Intel(R) Core(TM) i5-9600K CPU @ 3.70GHz,2,1 x NVIDIA GeForce GTX 1060 6GB1 x NVIDIA GeForce RTX 3060,9.996,53.5544,16.0,machine,N
2023-11-16T22:49:00,partial-model-merging,08c5cd45-4cc7-421e-bbd7-abd13f6c828b,6511.061638593674,0.1947134715545366,0.0299050266089314,0.0,165.758,6.0,0,0.2820606715661319,0.0107415412978331,0.2928022128639649,Germany,DEU,free and hanseatic city of hamburg,,,Linux-6.2.0-36-generic-x86_64-with-glibc2.35,3.10.12,4,Intel(R) Core(TM) i5-9600K CPU @ 3.70GHz,2,1 x NVIDIA GeForce GTX 1060 6GB1 x NVIDIA GeForce RTX 3060,9.996,53.5544,16.0,machine,N
2023-11-16T22:49:05,partial-model-merging,4a8b4bbb-a1e5-4c03-bcc2-b43bed35da66,0.029099702835083,2.753765839407842e-07,0.0094632094871012,0.0,56.477,6.0,0,3.919148800770442e-07,2.218524614969889e-08,4.141001262267431e-07,Germany,DEU,free and hanseatic city of hamburg,,,Linux-6.2.0-36-generic-x86_64-with-glibc2.35,3.10.12,4,Intel(R) Core(TM) i5-9600K CPU @ 3.70GHz,2,1 x NVIDIA GeForce GTX 1060 6GB1 x NVIDIA GeForce RTX 3060,9.996,53.5544,16.0,machine,N
2023-11-16T23:01:18,partial-model-merging,c9e8513b-d9c0-4cd0-9e9c-a09f908fec4c,704.2636244297028,0.0193840625699523,0.027523873017933,0.0,141.91400000000002,6.0,0,0.0275453597117447,0.001171770021518,0.0287171297332628,Germany,DEU,free and hanseatic city of hamburg,,,Linux-6.2.0-36-generic-x86_64-with-glibc2.35,3.10.12,4,Intel(R) Core(TM) i5-9600K CPU @ 3.70GHz,2,1 x NVIDIA GeForce GTX 1060 6GB1 x NVIDIA GeForce RTX 3060,9.996,53.5544,16.0,machine,N
2023-11-16T23:01:24,partial-model-merging,8b64c16b-3d31-4e1b-8485-886d3d3fef63,0.0487263202667236,4.865115615427494e-07,0.0099845742276377,0.0,54.767,6.0,0,6.77602914041943e-07,4.3154954910278333e-08,7.207578689522213e-07,Germany,DEU,free and hanseatic city of hamburg,,,Linux-6.2.0-36-generic-x86_64-with-glibc2.35,3.10.12,4,Intel(R) Core(TM) i5-9600K CPU @ 3.70GHz,2,1 x NVIDIA GeForce GTX 1060 6GB1 x NVIDIA GeForce RTX 3060,9.996,53.5544,16.0,machine,N
2023-11-16T23:27:29,partial-model-merging,2f154456-7703-43c0-83e5-adce9002e71e,1541.7044439315796,0.0455918521317211,0.0295723686282275,0.0,162.387,6.0,0,0.0649829289649545,0.0025605556746323,0.0675434846395869,Germany,DEU,free and hanseatic city of hamburg,,,Linux-6.2.0-36-generic-x86_64-with-glibc2.35,3.10.12,4,Intel(R) Core(TM) i5-9600K CPU @ 3.70GHz,2,1 x NVIDIA GeForce GTX 1060 6GB1 x NVIDIA GeForce RTX 3060,9.996,53.5544,16.0,machine,N
2023-11-16T23:27:34,partial-model-merging,847d8b28-ab53-4a2b-9e61-b268a023b018,0.0302996635437011,2.771686624288559e-07,0.0091475821845049,0.0,55.843,6.0,0,3.882069073783027e-07,2.2413333257039388e-08,4.106202406353421e-07,Germany,DEU,free and hanseatic city of hamburg,,,Linux-6.2.0-36-generic-x86_64-with-glibc2.35,3.10.12,4,Intel(R) Core(TM) i5-9600K CPU @ 3.70GHz,2,1 x NVIDIA GeForce GTX 1060 6GB1 x NVIDIA GeForce RTX 3060,9.996,53.5544,16.0,machine,N
2023-11-16T23:27:57,partial-model-merging,067e6c83-a009-4607-a6c6-d6212e551928,0.1031486988067627,6.20612962603569e-07,0.0060166824185171,0.0,28.878,6.0,0,7.767791859308878e-07,1.426474253336589e-07,9.194266112645468e-07,Germany,DEU,free and hanseatic city of hamburg,,,Linux-6.2.0-36-generic-x86_64-with-glibc2.35,3.10.12,4,Intel(R) Core(TM) i5-9600K CPU @ 3.70GHz,2,1 x NVIDIA GeForce GTX 1060 6GB1 x NVIDIA GeForce RTX 3060,9.996,53.5544,16.0,machine,N
2023-11-17T03:52:51,partial-model-merging,245eaac7-8cd4-4b65-b117-ddc34a14ca44,14701.118400335312,0.4268320187281338,0.0290339827967373,0.0,167.44500000000002,6.0,0,0.6219137806404823,0.0238230101736386,0.6457367908141207,Germany,DEU,free and hanseatic city of hamburg,,,Linux-6.2.0-36-generic-x86_64-with-glibc2.35,3.10.12,4,Intel(R) Core(TM) i5-9600K CPU @ 3.70GHz,2,1 x NVIDIA GeForce GTX 1060 6GB1 x NVIDIA GeForce RTX 3060,9.996,53.5544,16.0,machine,N
2023-11-17T03:52:56,partial-model-merging,94192f20-3bd0-4c9a-92a3-97cfc5f5b92a,0.0317840576171875,2.822689222606024e-07,0.0088808334562029,0.0,56.276,6.0,0,4.041497500737509e-07,2.2883415222167968e-08,4.270331652959188e-07,Germany,DEU,free and hanseatic city of hamburg,,,Linux-6.2.0-36-generic-x86_64-with-glibc2.35,3.10.12,4,Intel(R) Core(TM) i5-9600K CPU @ 3.70GHz,2,1 x NVIDIA GeForce GTX 1060 6GB1 x NVIDIA GeForce RTX 3060,9.996,53.5544,16.0,machine,N
2023-11-17T13:42:01,partial-model-merging,ca3fd1a0-a814-4133-9d15-afa0395bab14,0.8208479881286621,4.3255405763753255e-06,0.0052696000220899,0.0,24.272,6.0,0,5.503680251439413e-06,1.340529521306356e-06,6.844209772745768e-06,Germany,DEU,free and hanseatic city of hamburg,,,Linux-6.2.0-36-generic-x86_64-with-glibc2.35,3.10.12,4,Intel(R) Core(TM) i5-9600K CPU @ 3.70GHz,2,1 x NVIDIA GeForce GTX 1060 6GB1 x NVIDIA GeForce RTX 3060,9.996,53.5544,16.0,machine,N
2023-11-17T18:21:07,partial-model-merging,b2e5dca0-fa56-4ac7-9235-f167c1b1e23e,16554.46617102623,0.4936438042486479,0.0298193731618255,0.0,79.708,6.0,0,0.7087115821958008,0.025877412221829,0.7345889944176308,Germany,DEU,free and hanseatic city of hamburg,,,Linux-6.2.0-36-generic-x86_64-with-glibc2.35,3.10.12,4,Intel(R) Core(TM) i5-9600K CPU @ 3.70GHz,2,1 x NVIDIA GeForce GTX 1060 6GB1 x NVIDIA GeForce RTX 3060,9.996,53.5544,16.0,machine,N
2023-11-17T18:24:06,partial-model-merging,3907af57-3b95-49db-827f-4be372511df2,0.017142057418823242,8.698624311468687e-08,0.0050744342402662575,0.0,26.808000000000003,23.521738529205322,0,7.053935845692952e-08,5.890445570183071e-08,1.2944381415876022e-07,Germany,DEU,free and hanseatic city of hamburg,,,Linux-6.2.0-36-generic-x86_64-with-glibc2.35,3.10.12,6,Intel(R) Core(TM) i5-9600K CPU @ 3.70GHz,2,1 x NVIDIA GeForce GTX 1060 6GB1 x NVIDIA GeForce RTX 3060,9.996,53.5544,62.72463607788086,machine,N
